{
  "baseline": {
    "config_name": "baseline",
    "metrics": {
      "brier_score": 0.21777785040821496,
      "log_loss": 0.6242724348352828,
      "ece": 0.07826188427557221,
      "sharpness": 0.017340340321838576,
      "n_games": 285,
      "mean_prediction": 0.577583173370458,
      "std_prediction": 0.13168272598119532,
      "min_prediction": 0.1721604937234321,
      "max_prediction": 0.9069006789966314,
      "accuracy": 0.6210526315789474
    },
    "environmental_breakdown": {},
    "total_games": 285
  },
  "weather_only": {
    "config_name": "weather_only",
    "metrics": {
      "brier_score": 0.21777785040821496,
      "log_loss": 0.6242724348352828,
      "ece": 0.07826188427557221,
      "sharpness": 0.017340340321838576,
      "n_games": 285,
      "mean_prediction": 0.577583173370458,
      "std_prediction": 0.13168272598119532,
      "min_prediction": 0.1721604937234321,
      "max_prediction": 0.9069006789966314,
      "accuracy": 0.6210526315789474
    },
    "environmental_breakdown": {},
    "total_games": 285
  },
  "travel_only": {
    "config_name": "travel_only",
    "metrics": {
      "brier_score": 0.21785924185079522,
      "log_loss": 0.6244175733525872,
      "ece": 0.07686542014482987,
      "sharpness": 0.01736197338986693,
      "n_games": 285,
      "mean_prediction": 0.577496962913205,
      "std_prediction": 0.13176484125086985,
      "min_prediction": 0.17295110464109215,
      "max_prediction": 0.9067902505773066,
      "accuracy": 0.6175438596491228
    },
    "environmental_breakdown": {},
    "total_games": 285
  },
  "qb_only": {
    "config_name": "qb_only",
    "metrics": {
      "brier_score": 0.21777785040821496,
      "log_loss": 0.6242724348352828,
      "ece": 0.07826188427557221,
      "sharpness": 0.017340340321838576,
      "n_games": 285,
      "mean_prediction": 0.577583173370458,
      "std_prediction": 0.13168272598119532,
      "min_prediction": 0.1721604937234321,
      "max_prediction": 0.9069006789966314,
      "accuracy": 0.6210526315789474
    },
    "environmental_breakdown": {},
    "total_games": 285
  },
  "qb_enhanced": {
    "config_name": "qb_enhanced",
    "metrics": {
      "brier_score": 0.21757622230231752,
      "log_loss": 0.6238590222611122,
      "ece": 0.10118038752628564,
      "sharpness": 0.017319101326746245,
      "n_games": 285,
      "mean_prediction": 0.5776505844219415,
      "std_prediction": 0.13160205669649028,
      "min_prediction": 0.17230285952894195,
      "max_prediction": 0.9069064030571636,
      "accuracy": 0.6210526315789474
    },
    "environmental_breakdown": {
      "weather": {
        "total_impact": 0.0,
        "games_affected": 0,
        "avg_impact_per_game": 0.0,
        "percentage_of_games": 0.0
      },
      "travel": {
        "total_impact": 0.0,
        "games_affected": 0,
        "avg_impact_per_game": 0.0,
        "percentage_of_games": 0.0
      },
      "qb": {
        "total_impact": 177.0,
        "games_affected": 30,
        "avg_impact_per_game": 5.9,
        "percentage_of_games": 10.526315789473683
      },
      "epa": {
        "total_impact": 4.46015963422449,
        "games_affected": 20,
        "avg_impact_per_game": 0.2230079817112245,
        "percentage_of_games": 7.017543859649122
      },
      "overall": {
        "total_environmental_impact": -175.53411754667076,
        "avg_environmental_impact_per_game": -0.6159091843742833,
        "total_games": 285
      }
    },
    "total_games": 285
  },
  "weather_travel": {
    "config_name": "weather_travel",
    "metrics": {
      "brier_score": 0.21785924185079522,
      "log_loss": 0.6244175733525872,
      "ece": 0.07686542014482987,
      "sharpness": 0.01736197338986693,
      "n_games": 285,
      "mean_prediction": 0.577496962913205,
      "std_prediction": 0.13176484125086985,
      "min_prediction": 0.17295110464109215,
      "max_prediction": 0.9067902505773066,
      "accuracy": 0.6175438596491228
    },
    "environmental_breakdown": {},
    "total_games": 285
  },
  "all_environmental": {
    "config_name": "all_environmental",
    "metrics": {
      "brier_score": 0.21785924185079522,
      "log_loss": 0.6244175733525872,
      "ece": 0.07686542014482987,
      "sharpness": 0.01736197338986693,
      "n_games": 285,
      "mean_prediction": 0.577496962913205,
      "std_prediction": 0.13176484125086985,
      "min_prediction": 0.17295110464109215,
      "max_prediction": 0.9067902505773066,
      "accuracy": 0.6175438596491228
    },
    "environmental_breakdown": {},
    "total_games": 285
  },
  "all_enhanced": {
    "config_name": "all_enhanced",
    "metrics": {
      "brier_score": 0.21765760000374434,
      "log_loss": 0.6240040424169897,
      "ece": 0.0941656696997291,
      "sharpness": 0.01734074564537103,
      "n_games": 285,
      "mean_prediction": 0.5775644033881853,
      "std_prediction": 0.13168426498777683,
      "min_prediction": 0.1730940061862712,
      "max_prediction": 0.906796053998614,
      "accuracy": 0.6175438596491228
    },
    "environmental_breakdown": {
      "weather": {
        "total_impact": 0.0,
        "games_affected": 0,
        "avg_impact_per_game": 0.0,
        "percentage_of_games": 0.0
      },
      "travel": {
        "total_impact": 259.0,
        "games_affected": 135,
        "avg_impact_per_game": 1.9185185185185185,
        "percentage_of_games": 47.368421052631575
      },
      "qb": {
        "total_impact": 177.0,
        "games_affected": 30,
        "avg_impact_per_game": 5.9,
        "percentage_of_games": 10.526315789473683
      },
      "epa": {
        "total_impact": 4.46015963422449,
        "games_affected": 20,
        "avg_impact_per_game": 0.2230079817112245,
        "percentage_of_games": 7.017543859649122
      },
      "overall": {
        "total_environmental_impact": -42.53411754667076,
        "avg_environmental_impact_per_game": -0.14924251770761668,
        "total_games": 285
      }
    },
    "total_games": 285
  },
  "comparison": {
    "summary_table": [
      {
        "Configuration": "baseline",
        "Brier Score": 0.21777785040821496,
        "Log Loss": 0.6242724348352828,
        "Accuracy": 0.6210526315789474,
        "MAE": 0.0,
        "Calibration": 0.0,
        "ECE": 0.07826188427557221,
        "Sharpness": 0.017340340321838576,
        "Total Games": 285
      },
      {
        "Configuration": "weather_only",
        "Brier Score": 0.21777785040821496,
        "Log Loss": 0.6242724348352828,
        "Accuracy": 0.6210526315789474,
        "MAE": 0.0,
        "Calibration": 0.0,
        "ECE": 0.07826188427557221,
        "Sharpness": 0.017340340321838576,
        "Total Games": 285
      },
      {
        "Configuration": "travel_only",
        "Brier Score": 0.21785924185079522,
        "Log Loss": 0.6244175733525872,
        "Accuracy": 0.6175438596491228,
        "MAE": 0.0,
        "Calibration": 0.0,
        "ECE": 0.07686542014482987,
        "Sharpness": 0.01736197338986693,
        "Total Games": 285
      },
      {
        "Configuration": "qb_only",
        "Brier Score": 0.21777785040821496,
        "Log Loss": 0.6242724348352828,
        "Accuracy": 0.6210526315789474,
        "MAE": 0.0,
        "Calibration": 0.0,
        "ECE": 0.07826188427557221,
        "Sharpness": 0.017340340321838576,
        "Total Games": 285
      },
      {
        "Configuration": "qb_enhanced",
        "Brier Score": 0.21757622230231752,
        "Log Loss": 0.6238590222611122,
        "Accuracy": 0.6210526315789474,
        "MAE": 0.0,
        "Calibration": 0.0,
        "ECE": 0.10118038752628564,
        "Sharpness": 0.017319101326746245,
        "Total Games": 285
      },
      {
        "Configuration": "weather_travel",
        "Brier Score": 0.21785924185079522,
        "Log Loss": 0.6244175733525872,
        "Accuracy": 0.6175438596491228,
        "MAE": 0.0,
        "Calibration": 0.0,
        "ECE": 0.07686542014482987,