{
  "baseline": {
    "config_name": "baseline",
    "metrics": {
      "brier_score": 0.2540099144663071,
      "log_loss": 0.7013348199665975,
      "ece": 0.14889860307826433,
      "sharpness": 0.002769459350903412,
      "n_games": 100,
      "mean_prediction": 0.5753360447057321,
      "std_prediction": 0.05262565297365356,
      "min_prediction": 0.4285775240474377,
      "max_prediction": 0.7166430148366052,
      "accuracy": 0.51
    },
    "environmental_breakdown": {},
    "total_games": 100
  },
  "weather_only": {
    "config_name": "weather_only",
    "metrics": {
      "brier_score": 0.2540099144663071,
      "log_loss": 0.7013348199665975,
      "ece": 0.14889860307826433,
      "sharpness": 0.002769459350903412,
      "n_games": 100,
      "mean_prediction": 0.5753360447057321,
      "std_prediction": 0.05262565297365356,
      "min_prediction": 0.4285775240474377,
      "max_prediction": 0.7166430148366052,
      "accuracy": 0.51
    },
    "environmental_breakdown": {},
    "total_games": 100
  },
  "travel_only": {
    "config_name": "travel_only",
    "metrics": {
      "brier_score": 0.2541915048225014,
      "log_loss": 0.7017154706536904,
      "ece": 0.14885841237553293,
      "sharpness": 0.0027737930271391187,
      "n_games": 100,
      "mean_prediction": 0.5752359286912607,
      "std_prediction": 0.052666811438885484,
      "min_prediction": 0.4283479132480734,
      "max_prediction": 0.7165055643886041,
      "accuracy": 0.51
    },
    "environmental_breakdown": {},
    "total_games": 100
  },
  "qb_only": {
    "config_name": "qb_only",
    "metrics": {
      "brier_score": 0.2540099144663071,
      "log_loss": 0.7013348199665975,
      "ece": 0.14889860307826433,
      "sharpness": 0.002769459350903412,
      "n_games": 100,
      "mean_prediction": 0.5753360447057321,
      "std_prediction": 0.05262565297365356,
      "min_prediction": 0.4285775240474377,
      "max_prediction": 0.7166430148366052,
      "accuracy": 0.51
    },
    "environmental_breakdown": {},
    "total_games": 100
  },
  "qb_enhanced": {
    "config_name": "qb_enhanced",
    "metrics": {
      "brier_score": 0.2534704734253885,
      "log_loss": 0.7002344649280825,
      "ece": 0.14735264786228283,
      "sharpness": 0.002745662499319231,
      "n_games": 100,
      "mean_prediction": 0.5757341942234502,
      "std_prediction": 0.052399069641733444,
      "min_prediction": 0.4287567529456703,
      "max_prediction": 0.7163644265125156,
      "accuracy": 0.51
    },
    "environmental_breakdown": {
      "weather": {
        "total_impact": 0.0,
        "games_affected": 0,
        "avg_impact_per_game": 0.0,
        "percentage_of_games": 0.0
      },
      "travel": {
        "total_impact": 0.0,
        "games_affected": 0,
        "avg_impact_per_game": 0.0,
        "percentage_of_games": 0.0
      },
      "qb": {
        "total_impact": 162.0,
        "games_affected": 29,
        "avg_impact_per_game": 5.586206896551724,
        "percentage_of_games": 28.999999999999996
      },
      "epa": {
        "total_impact": 2.9515414358280596,
        "games_affected": 21,
        "avg_impact_per_game": 0.14054959218228855,
        "percentage_of_games": 21.0
      },
      "overall": {
        "total_environmental_impact": -162.0650435308296,
        "avg_environmental_impact_per_game": -1.620650435308296,
        "total_games": 100
      }
    },
    "total_games": 100
  },
  "weather_travel": {
    "config_name": "weather_travel",
    "metrics": {
      "brier_score": 0.2541915048225014,
      "log_loss": 0.7017154706536904,
      "ece": 0.14885841237553293,
      "sharpness": 0.0027737930271391187,
      "n_games": 100,
      "mean_prediction": 0.5752359286912607,
      "std_prediction": 0.052666811438885484,
      "min_prediction": 0.4283479132480734,
      "max_prediction": 0.7165055643886041,
      "accuracy": 0.51
    },
    "environmental_breakdown": {},
    "total_games": 100
  },
  "all_environmental": {
    "config_name": "all_environmental",
    "metrics": {
      "brier_score": 0.2541915048225014,
      "log_loss": 0.7017154706536904,
      "ece": 0.14885841237553293,
      "sharpness": 0.0027737930271391187,
      "n_games": 100,
      "mean_prediction": 0.5752359286912607,
      "std_prediction": 0.052666811438885484,
      "min_prediction": 0.4283479132480734,
      "max_prediction": 0.7165055643886041,
      "accuracy": 0.51
    },
    "environmental_breakdown": {},
    "total_games": 100
  },
  "all_enhanced": {
    "config_name": "all_enhanced",
    "metrics": {
      "brier_score": 0.2536525132756773,
      "log_loss": 0.7006158629132557,
      "ece": 0.14734771830313068,
      "sharpness": 0.002750477435780374,
      "n_games": 100,
      "mean_prediction": 0.5756339512484232,
      "std_prediction": 0.052444994382499215,
      "min_prediction": 0.4285272131541146,
      "max_prediction": 0.7162266656523033,
      "accuracy": 0.52
    },
    "environmental_breakdown": {
      "weather": {
        "total_impact": 0.0,
        "games_affected": 0,
        "avg_impact_per_game": 0.0,
        "percentage_of_games": 0.0
      },
      "travel": {
        "total_impact": 47.5,
        "games_affected": 28,
        "avg_impact_per_game": 1.6964285714285714,
        "percentage_of_games": 28.000000000000004
      },
      "qb": {
        "total_impact": 162.0,
        "games_affected": 29,
        "avg_impact_per_game": 5.586206896551724,
        "percentage_of_games": 28.999999999999996
      },
      "epa": {
        "total_impact": 2.9515414358280596,
        "games_affected": 21,
        "avg_impact_per_game": 0.14054959218228855,
        "percentage_of_games": 21.0
      },
      "overall": {
        "total_environmental_impact": -150.5650435308296,
        "avg_environmental_impact_per_game": -1.505650435308296,
        "total_games": 100
      }
    },
    "total_games": 100
  },
  "comparison": {
    "summary_table": [
      {
        "Configuration": "baseline",
        "Brier Score": 0.2540099144663071,
        "Log Loss": 0.7013348199665975,
        "Accuracy": 0.51,
        "MAE": 0.0,
        "Calibration": 0.0,
        "ECE": 0.14889860307826433,
        "Sharpness": 0.002769459350903412,
        "Total Games": 100
      },
      {
        "Configuration": "weather_only",
        "Brier Score": 0.2540099144663071,
        "Log Loss": 0.7013348199665975,
        "Accuracy": 0.51,
        "MAE": 0.0,
        "Calibration": 0.0,
        "ECE": 0.14889860307826433,
        "Sharpness": 0.002769459350903412,
        "Total Games": 100
      },
      {
        "Configuration": "travel_only",
        "Brier Score": 0.2541915048225014,
        "Log Loss": 0.7017154706536904,
        "Accuracy": 0.51,
        "MAE": 0.0,
        "Calibration": 0.0,
        "ECE": 0.14885841237553293,
        "Sharpness": 0.0027737930271391187,
        "Total Games": 100
      },
      {
        "Configuration": "qb_only",
        "Brier Score": 0.2540099144663071,
        "Log Loss": 0.7013348199665975,
        "Accuracy": 0.51,
        "MAE": 0.0,
        "Calibration": 0.0,
        "ECE": 0.14889860307826433,
        "Sharpness": 0.002769459350903412,
        "Total Games": 100
      },
      {
        "Configuration": "qb_enhanced",
        "Brier Score": 0.2534704734253885,
        "Log Loss": 0.7002344649280825,
        "Accuracy": 0.51,
        "MAE": 0.0,
        "Calibration": 0.0,
        "ECE": 0.14735264786228283,
        "Sharpness": 0.002745662499319231,
        "Total Games": 100
      },
      {
        "Configuration": "weather_travel",
        "Brier Score": 0.2541915048225014,
        "Log Loss": 0.7017154706536904,
        "Accuracy": 0.51,
        "MAE": 0.0,
        "Calibration": 0.0,
        "ECE": 0.14885841237553293,
        "Sharpness": 0.0027737930271391187,
        "Total Games": 100
      },
      {
        "Configuration": "all_environmental",
        "Brier Score": 0.2541915048225014,