{
  "baseline": {
    "config_name": "baseline",
    "metrics": {
      "brier_score": 0.22992094790185383,
      "log_loss": 0.6519364873987125,
      "ece": 0.06994203072500049,
      "sharpness": 0.01954400170131731,
      "n_games": 569,
      "mean_prediction": 0.578025965689073,
      "std_prediction": 0.1397998630232423,
      "min_prediction": 0.12840999080829185,
      "max_prediction": 0.895630443549876,
      "accuracy": 0.6151142355008787
    },
    "environmental_breakdown": {},
    "total_games": 569
  },
  "weather_only": {
    "config_name": "weather_only",
    "metrics": {
      "brier_score": 0.22992094790185383,
      "log_loss": 0.6519364873987125,
      "ece": 0.06994203072500049,
      "sharpness": 0.01954400170131731,
      "n_games": 569,
      "mean_prediction": 0.578025965689073,
      "std_prediction": 0.1397998630232423,
      "min_prediction": 0.12840999080829185,
      "max_prediction": 0.895630443549876,
      "accuracy": 0.6151142355008787
    },
    "environmental_breakdown": {},
    "total_games": 569
  },
  "travel_only": {
    "config_name": "travel_only",
    "metrics": {
      "brier_score": 0.22985507716550366,
      "log_loss": 0.6517757942948886,
      "ece": 0.07201528576718658,
      "sharpness": 0.019540977215128173,
      "n_games": 569,
      "mean_prediction": 0.5781233958630132,
      "std_prediction": 0.13978904540459589,
      "min_prediction": 0.13041652205717805,
      "max_prediction": 0.8955253804468801,
      "accuracy": 0.6133567662565905
    },
    "environmental_breakdown": {},
    "total_games": 569
  },
  "qb_only": {
    "config_name": "qb_only",
    "metrics": {
      "brier_score": 0.22992094790185383,
      "log_loss": 0.6519364873987125,
      "ece": 0.06994203072500049,
      "sharpness": 0.01954400170131731,
      "n_games": 569,
      "mean_prediction": 0.578025965689073,
      "std_prediction": 0.1397998630232423,
      "min_prediction": 0.12840999080829185,
      "max_prediction": 0.895630443549876,
      "accuracy": 0.6151142355008787
    },
    "environmental_breakdown": {},
    "total_games": 569
  },
  "qb_enhanced": {
    "config_name": "qb_enhanced",
    "metrics": {
      "brier_score": 0.2305672056989668,
      "log_loss": 0.6543848480094739,
      "ece": 0.08153909745661696,
      "sharpness": 0.02303123125537738,
      "n_games": 569,
      "mean_prediction": 0.5770864300038132,
      "std_prediction": 0.15176044035049904,
      "min_prediction": 0.10392760525013152,
      "max_prediction": 0.9326326903777354,
      "accuracy": 0.6186291739894552
    },
    "environmental_breakdown": {
      "weather": {
        "total_impact": 0.0,
        "games_affected": 0,
        "avg_impact_per_game": 0.0,
        "percentage_of_games": 0.0
      },
      "travel": {
        "total_impact": 0.0,
        "games_affected": 0,
        "avg_impact_per_game": 0.0,
        "percentage_of_games": 0.0
      },
      "qb": {
        "total_impact": 162.0,
        "games_affected": 29,
        "avg_impact_per_game": 5.586206896551724,
        "percentage_of_games": 5.0966608084358525
      },
      "epa": {
        "total_impact": 2.9515414358280596,
        "games_affected": 21,
        "avg_impact_per_game": 0.14054959218228855,
        "percentage_of_games": 3.690685413005272
      },
      "overall": {
        "total_environmental_impact": -162.0650435308296,
        "avg_environmental_impact_per_game": -0.28482432957966536,
        "total_games": 569
      }
    },
    "total_games": 569
  },
  "weather_travel": {
    "config_name": "weather_travel",
    "metrics": {
      "brier_score": 0.22985507716550366,
      "log_loss": 0.6517757942948886,
      "ece": 0.07201528576718658,
      "sharpness": 0.019540977215128173,
      "n_games": 569,
      "mean_prediction": 0.5781233958630132,
      "std_prediction": 0.13978904540459589,
      "min_prediction": 0.13041652205717805,
      "max_prediction": 0.8955253804468801,
      "accuracy": 0.6133567662565905
    },
    "environmental_breakdown": {},
    "total_games": 569
  },
  "all_environmental": {
    "config_name": "all_environmental",
    "metrics": {
      "brier_score": 0.22985507716550366,
      "log_loss": 0.6517757942948886,
      "ece": 0.07201528576718658,
      "sharpness": 0.019540977215128173,
      "n_games": 569,
      "mean_prediction": 0.5781233958630132,
      "std_prediction": 0.13978904540459589,
      "min_prediction": 0.13041652205717805,
      "max_prediction": 0.8955253804468801,
      "accuracy": 0.6133567662565905
    },
    "environmental_breakdown": {},
    "total_games": 569
  },
  "all_enhanced": {
    "config_name": "all_enhanced",
    "metrics": {
      "brier_score": 0.23050197897100688,
      "log_loss": 0.6542159237895077,
      "ece": 0.08153387810766496,
      "sharpness": 0.023022360987636152,
      "n_games": 569,
      "mean_prediction": 0.5771818814060001,
      "std_prediction": 0.1517312129643606,
      "min_prediction": 0.10560674606306705,
      "max_prediction": 0.9325585140879419,
      "accuracy": 0.6186291739894552
    },
    "environmental_breakdown": {
      "weather": {
        "total_impact": 0.0,
        "games_affected": 0,
        "avg_impact_per_game": 0.0,
        "percentage_of_games": 0.0
      },
      "travel": {
        "total_impact": 473.5,
        "games_affected": 267,
        "avg_impact_per_game": 1.7734082397003745,
        "percentage_of_games": 46.92442882249561
      },
      "qb": {
        "total_impact": 162.0,
        "games_affected": 29,
        "avg_impact_per_game": 5.586206896551724,
        "percentage_of_games": 5.0966608084358525
      },
      "epa": {
        "total_impact": 2.9515414358280596,
        "games_affected": 21,
        "avg_impact_per_game": 0.14054959218228855,
        "percentage_of_games": 3.690685413005272
      },
      "overall": {
        "total_environmental_impact": 75.4349564691704,
        "avg_environmental_impact_per_game": 0.13257461593878805,
        "total_games": 569
      }
    },
    "total_games": 569
  },
  "comparison": {
    "summary_table": [
      {
        "Configuration": "baseline",
        "Brier Score": 0.22992094790185383,
        "Log Loss": 0.6519364873987125,
        "Accuracy": 0.6151142355008787,
        "MAE": 0.0,
        "Calibration": 0.0,
        "ECE": 0.06994203072500049,
        "Sharpness": 0.01954400170131731,
        "Total Games": 569
      },
      {
        "Configuration": "weather_only",
        "Brier Score": 0.22992094790185383,
        "Log Loss": 0.6519364873987125,
        "Accuracy": 0.6151142355008787,
        "MAE": 0.0,
        "Calibration": 0.0,
        "ECE": 0.06994203072500049,
        "Sharpness": 0.01954400170131731,
        "Total Games": 569
      },
      {
        "Configuration": "travel_only",
        "Brier Score": 0.22985507716550366,
        "Log Loss": 0.6517757942948886,
        "Accuracy": 0.6133567662565905,
        "MAE": 0.0,
        "Calibration": 0.0,
        "ECE": 0.07201528576718658,
        "Sharpness": 0.019540977215128173,
        "Total Games": 569
      },
      {
        "Configuration": "qb_only",
        "Brier Score": 0.22992094790185383,
        "Log Loss": 0.6519364873987125,
        "Accuracy": 0.6151142355008787,
        "MAE": 0.0,
        "Calibration": 0.0,
        "ECE": 0.06994203072500049,
        "Sharpness": 0.01954400170131731,
        "Total Games": 569
      },
      {
        "Configuration": "qb_enhanced",
        "Brier Score": 0.2305672056989668,
        "Log Loss": 0.6543848480094739,
        "Accuracy": 0.6186291739894552,
        "MAE": 0.0,
        "Calibration": 0.0,
        "ECE": 0.08153909745661696,
        "Sharpness": 0.02303123125537738,
        "Total Games": 569
      },
      {
        "Configuration": "weather_travel",
        "Brier Score": 0.22985507716550366,
        "Log Loss": 0.6517757942948886,
        "Accuracy": 0.6133567662565905,
        "MAE": 0.0,
        "Calibration": 0.0,